,time,icao24,lat,lon,velocity,heading,vertrate,callsign,onground,alert,spi,squawk,baroaltitude,geoaltitude,lastposupdate,lastcontact
2,1577059200,49d3fa,47.85456848144531,19.22380828857422,225.3065041106806,123.07322736129572,0.32511999999999996,FDB1782 ,False,False,False,1421.0,10668.0,10454.64,1577059198.926,1577059200.0
2975,1577059210,49d3fa,47.84275817871094,19.250587463378906,224.01481553433229,123.28863869663981,0.32511999999999996,FDB1782 ,False,False,False,1421.0,10668.0,10454.64,1577059209.6379998,1577059209.982
8761,1577059220,49d3fa,47.83163296974311,19.275723970853363,222.44275399844392,123.39605712642953,0.0,FDB1782 ,False,False,False,1421.0,10668.0,10454.64,1577059219.814,1577059219.9989998
13092,1577059230,49d3fa,47.82092595504502,19.29987980769231,220.58792440418162,123.39358489664288,0.0,FDB1782 ,False,False,False,1421.0,10668.0,10454.64,1577059229.641,1577059229.9889998
18738,1577059240,49d3fa,47.80975341796875,19.32530329777644,218.750638568394,122.90524292298792,0.0,FDB1782 ,False,False,False,1421.0,10660.38,10447.02,1577059239.995,1577059239.995
25084,1577059250,49d3fa,47.799372268935386,19.34917743389423,217.6073796270678,122.93869054295547,0.0,FDB1782 ,False,False,False,1421.0,10668.0,10454.64,1577059249.7289999,1577059249.9910002
28777,1577059260,49d3fa,47.7886962890625,19.37377166748047,217.3280840374418,122.82486545009495,0.0,FDB1782 ,False,False,False,1421.0,10660.38,10447.02,1577059259.776,1577059259.986
34142,1577059270,49d3fa,47.77828410520392,19.397911658653843,217.20566505717355,122.5232320399473,0.0,FDB1782 ,False,False,False,1421.0,10660.38,10447.02,1577059269.684,1577059269.9329998
41712,1577059280,49d3fa,47.76750183105469,19.423072814941406,217.20566505717355,122.5232320399473,0.0,FDB1782 ,False,False,False,1421.0,10660.38,10454.64,1577059280.0,1577059280.0
44991,1577059290,49d3fa,47.757056284758995,19.44706843449519,216.89595984556271,122.89853145768964,-0.32511999999999996,FDB1782 ,False,False,False,1421.0,10660.38,10447.02,1577059289.88,1577059289.9970002
51323,1577059300,49d3fa,47.74639582229873,19.471294696514423,217.0258703641894,123.20037193285057,0.32511999999999996,FDB1782 ,False,False,False,1421.0,10660.38,10447.02,1577059299.9629998,1577059299.99
57375,1577059310,49d3fa,47.73573535983846,19.495520958533653,217.1758111625265,123.0124880565395,0.0,FDB1782 ,False,False,False,1421.0,10668.0,10454.64,1577059309.955,1577059309.9889998
63574,1577059320,49d3fa,47.72547912597656,19.519065856933594,217.1758111625265,123.0124880565395,0.32511999999999996,FDB1782 ,False,False,False,1421.0,10668.0,10454.64,1577059319.651,1577059319.783
67854,1577059330,49d3fa,47.71481323242188,19.54330444335937,217.3079901306528,123.3138695210422,-0.32511999999999996,FDB1782 ,False,False,False,1421.0,10668.0,10454.64,1577059329.684,1577059329.998
75407,1577059340,49d3fa,47.70440570378707,19.566791240985573,217.73808115123782,123.23952022419556,0.32511999999999996,FDB1782 ,False,False,False,1421.0,10668.0,10454.64,1577059339.339,1577059339.9589999
79522,1577059350,49d3fa,47.69351248013771,19.591580904447113,218.31890561631667,122.97858788171963,0.0,FDB1782 ,False,False,False,1421.0,10668.0,10454.64,1577059349.539,1577059350.0
86044,1577059360,49d3fa,47.68267822265625,19.616226196289066,219.0305367782541,123.01822598634728,0.0,FDB1782 ,False,False,False,1421.0,10660.38,10454.64,1577059359.6420002,1577059359.994
91959,1577059370,49d3fa,47.67223810745498,19.639892578125,219.16280470725616,123.31705339818184,0.32511999999999996,FDB1782 ,False,False,False,1421.0,10668.0,10454.64,1577059369.395,1577059369.994
97268,1577059380,49d3fa,47.6612548828125,19.6644287109375,219.58624982635956,123.7272967471946,0.0,FDB1782 ,False,False,False,1421.0,10668.0,10454.64,1577059379.451,1577059379.965
104440,1577059390,49d3fa,47.649939585540245,19.689471905048077,220.29979376059268,123.76428481544563,-0.32511999999999996,FDB1782 ,False,False,False,1421.0,10660.38,10447.02,1577059389.945,1577059389.945
110011,1577059400,49d3fa,47.63937377929688,19.713111877441406,220.30519967677088,123.28187911157872,0.32511999999999996,FDB1782 ,False,False,False,1421.0,10668.0,10454.64,1577059399.475,1577059399.95
114734,1577059410,49d3fa,47.62811279296875,19.73858642578125,220.45411054604457,123.09673438538988,0.0,FDB1782 ,False,False,False,1421.0,10668.0,10454.64,1577059409.809,1577059409.9129999
120813,1577059420,49d3fa,47.61716681011652,19.763347919170673,220.58792440418162,123.39358489664288,0.0,FDB1782 ,False,False,False,1421.0,10660.38,10447.02,1577059419.949,1577059420.0
127923,1577059430,49d3fa,47.60622703422935,19.78771503155048,220.58792440418162,123.39358489664288,0.0,FDB1782 ,False,False,False,1421.0,10668.0,10454.64,1577059429.889,1577059429.99
134468,1577059440,49d3fa,47.59524536132813,19.812469482421875,220.7354455897657,123.20860172014143,0.0,FDB1782 ,False,False,False,1421.0,10668.0,10454.64,1577059439.988,1577059439.988
140239,1577059450,49d3fa,47.58462524414063,19.836502075195312,220.7354455897657,123.20860172014143,0.0,FDB1782 ,False,False,False,1421.0,10660.38,10447.02,1577059449.861,1577059450.0
146217,1577059460,49d3fa,47.57373046875,19.86101531982422,221.01761994925982,123.32018383611789,0.0,FDB1782 ,False,False,False,1421.0,10660.38,10447.02,1577059459.822,1577059459.998
152356,1577059470,49d3fa,47.56270069186971,19.88567645733173,221.15587960840176,123.61613752892784,0.32511999999999996,FDB1782 ,False,False,False,1421.0,10668.0,10454.64,1577059469.978,1577059469.978
158508,1577059480,49d3fa,47.55221557617188,19.90887451171875,221.44110365843048,123.72698490457779,0.0,FDB1782 ,False,False,False,1421.0,10668.0,10454.64,1577059479.457,1577059479.9589999
165175,1577059490,49d3fa,47.540821140095346,19.93412898137019,222.2975563628693,123.57974202783942,0.0,FDB1782 ,False,False,False,1421.0,10668.0,10454.64,1577059489.822,1577059489.976
170608,1577059500,49d3fa,47.53006757315943,19.958214393028843,222.59023486765537,123.2126137486702,0.0,FDB1782 ,False,False,False,1421.0,10668.0,10454.64,1577059499.585,1577059499.918
177658,1577059510,49d3fa,47.51917434951006,19.982933631310093,223.0208192401812,123.140220879052,0.32511999999999996,FDB1782 ,False,False,False,1421.0,10668.0,10454.64,1577059509.571,1577059509.8620002
184165,1577059520,49d3fa,47.50813293457031,20.007957458496094,223.0208192401812,123.140220879052,-0.32511999999999996,FDB1782 ,False,False,False,1421.0,10668.0,10454.64,1577059519.596,1577059519.9589999
188915,1577059530,49d3fa,47.497248245497886,20.032372107872593,222.87243584005085,123.323262169046,0.32511999999999996,FDB1782 ,False,False,False,1421.0,10668.0,10454.64,1577059529.5970001,1577059529.945
195571,1577059540,49d3fa,47.48606872558594,20.05725860595703,222.86827968303075,123.800110501133,0.0,FDB1782 ,False,False,False,1421.0,10668.0,10454.64,1577059539.836,1577059539.951
202402,1577059550,49d3fa,47.47522903701006,20.081035907451923,223.01607250045558,124.09329412194172,0.0,FDB1782 ,False,False,False,1421.0,10668.0,10454.64,1577059549.333,1577059549.8860002
209062,1577059560,49d3fa,47.46354442531779,20.106459397536053,223.30484639594752,124.20260395857893,0.0,FDB1782 ,False,False,False,1421.0,10668.0,10454.64,1577059559.831,1577059559.9910002
214157,1577059570,49d3fa,47.45292663574219,20.129493713378906,223.73050678051598,124.12854707414516,0.0,FDB1782 ,False,False,False,1421.0,10668.0,10454.64,1577059569.2129998,1577059569.9770002
222928,1577059580,49d3fa,47.44194030761719,20.153594970703125,224.2958141168704,123.8723053958948,-0.32511999999999996,FDB1782 ,False,False,False,1421.0,10668.0,10454.64,1577059578.968,1577059579.86
226661,1577059590,49d3fa,47.43022155761719,20.179481506347656,224.29758399999997,123.39848846798726,0.0,FDB1782 ,False,False,False,1421.0,10668.0,10454.64,1577059589.4770002,1577059589.86
234183,1577059600,49d3fa,47.418807724774894,20.204984224759613,224.15240717304292,123.5806549673522,0.0,FDB1782 ,False,False,False,1421.0,10668.0,10454.64,1577059599.802,1577059599.975
240211,1577059610,49d3fa,47.40797424316406,20.22891998291016,223.8682731582463,123.47096427464572,-0.32511999999999996,FDB1782 ,False,False,False,1421.0,10660.38,10447.02,1577059609.4889998,1577059609.996
247033,1577059620,49d3fa,47.399814411745226,20.247168907752407,223.58496174273225,123.36099519309697,0.32511999999999996,FDB1782 ,False,False,False,1421.0,10668.0,10454.64,1577059617.0,1577059619.998
252919,1577059630,49d3fa,47.385498046875,20.27925109863281,223.30247605747945,123.25074747485183,-0.32511999999999996,FDB1782 ,False,False,False,1421.0,10660.38,10447.02,1577059629.949,1577059629.98
260093,1577059640,49d3fa,47.37584000926907,20.30097374549279,222.87243584005085,123.323262169046,0.32511999999999996,FDB1782 ,False,False,False,1421.0,10668.0,10454.64,1577059638.6260002,1577059639.966
264733,1577059650,49d3fa,47.3633640095339,20.328650841346157,222.15464643781465,123.76366514704658,0.0,FDB1782 ,False,False,False,1421.0,10660.38,10454.64,1577059649.971,1577059649.971
271534,1577059660,49d3fa,47.352703547073624,20.352032001201923,222.15464643781465,123.76366514704658,0.32511999999999996,FDB1782 ,False,False,False,1421.0,10668.0,10454.64,1577059659.53,1577059659.915
278864,1577059670,49d3fa,47.34146118164063,20.376686096191406,222.01402864106205,123.94782314998056,0.32511999999999996,FDB1782 ,False,False,False,1421.0,10668.0,10454.64,1577059669.806,1577059669.865
283671,1577059680,49d3fa,47.33033752441406,20.40099334716797,222.3017231901431,124.05781459099065,-0.32511999999999996,FDB1782 ,False,False,False,1421.0,10668.0,10454.64,1577059679.7470002,1577059680.0
290035,1577059690,49d3fa,47.31898498535156,20.42584991455078,222.15464643781465,123.76366514704658,0.0,FDB1782 ,False,False,False,1421.0,10660.38,10454.64,1577059689.897,1577059689.9060001
297476,1577059700,49d3fa,47.30813598632813,20.449745178222656,221.86914685136884,123.65322137060059,0.0,FDB1782 ,False,False,False,1421.0,10660.38,10454.64,1577059699.6920002,1577059699.846
301813,1577059710,49d3fa,47.29692077636719,20.47460174560547,221.58447378021862,123.5424934041175,0.0,FDB1782 ,False,False,False,1421.0,10668.0,10462.26,1577059709.8960001,1577059709.935
309828,1577059720,49d3fa,47.28579711914063,20.49890899658203,221.58745967134982,124.02210631731329,0.32511999999999996,FDB1782 ,False,False,False,1421.0,10668.0,10462.26,1577059719.8379998,1577059720.0
315649,1577059730,49d3fa,47.27472854872881,20.52281306340144,221.7396868042159,124.3168303313747,0.0,FDB1782 ,False,False,False,1421.0,10668.0,10454.64,1577059729.775,1577059729.9929998
322270,1577059740,49d3fa,47.264533608646715,20.54478571965144,221.7396868042159,124.3168303313747,0.0,FDB1782 ,False,False,False,1421.0,10668.0,10462.26,1577059738.7770002,1577059739.934
328368,1577059750,49d3fa,47.25210416114936,20.571617713341343,221.7396868042159,124.3168303313747,0.0,FDB1782 ,False,False,False,1421.0,10660.38,10462.26,1577059749.9770002,1577059749.9770002
335762,1577059760,49d3fa,47.24180603027344,20.5938720703125,221.87570733064663,124.13221267463787,0.0,FDB1782 ,False,False,False,1421.0,10660.38,10454.64,1577059759.2570002,1577059759.857
340922,1577059770,49d3fa,47.23072814941406,20.618179321289066,221.44110365843048,123.72698490457779,0.0,FDB1782 ,False,False,False,1421.0,10668.0,10462.26,1577059769.2589998,1577059769.744
346319,1577059780,49d3fa,47.22312927246094,20.634933471679688,221.15587960840176,123.61613752892784,0.0,FDB1782 ,False,False,False,1421.0,10668.0,10462.26,1577059776.19,1577059779.034
353220,1577059790,49d3fa,47.20843505859375,20.66754913330078,221.30063041396156,123.43148097957571,0.32511999999999996,FDB1782 ,False,False,False,1421.0,10668.0,10462.26,1577059789.5229998,1577059789.576
359533,1577059800,49d3fa,47.19763804290254,20.691199669471157,220.44690749724302,124.06090881680784,0.0,FDB1782 ,False,False,False,1421.0,10668.0,10462.26,1577059799.349,1577059799.725
364977,1577059810,49d3fa,47.186512058064096,20.71514423076923,219.8849444979257,124.32211732568598,0.32511999999999996,FDB1782 ,False,False,False,1421.0,10668.0,10462.26,1577059809.447,1577059809.447
372586,1577059820,49d3fa,47.1767578125,20.73628234863281,219.7326368605366,124.02490917862318,-0.32511999999999996,FDB1782 ,False,False,False,1421.0,10668.0,10462.26,1577059818.178,1577059819.607
378388,1577059830,49d3fa,47.16380310058594,20.76464080810547,219.58624982635956,123.7272967471946,0.0,FDB1782 ,False,False,False,1421.0,10660.38,10454.64,1577059829.98,1577059829.98
383698,1577059840,49d3fa,47.15415825278071,20.785710261418266,219.15857820023143,123.801973203046,0.0,FDB1782 ,False,False,False,1421.0,10660.38,10454.64,1577059838.675,1577059839.7
392255,1577059850,49d3fa,47.14196156647245,20.812260554387016,218.88065741253703,124.17561335598793,0.32511999999999996,FDB1782 ,False,False,False,1421.0,10660.38,10454.64,1577059849.806,1577059849.806
397483,1577059860,49d3fa,47.13125610351562,20.83536529541016,219.30645748104473,124.10011490040613,0.0,FDB1782 ,False,False,False,1421.0,10668.0,10462.26,1577059859.6320002,1577059859.6320002
402430,1577059870,49d3fa,47.12123107910156,20.85713195800781,219.0184535348276,123.98867474820152,0.0,FDB1782 ,False,False,False,1421.0,10660.38,10454.64,1577059868.726,1577059869.956
410101,1577059880,49d3fa,47.10918879104873,20.883389986478363,219.0184535348276,123.98867474820152,0.0,FDB1782 ,False,False,False,1421.0,10660.38,10454.64,1577059879.7910001,1577059879.954
414570,1577059890,49d3fa,47.0980224609375,20.907394409179688,218.32072395307233,124.4389893088036,0.32511999999999996,FDB1782 ,False,False,False,1421.0,10660.38,10454.64,1577059889.674,1577059889.89
422188,1577059900,49d3fa,47.086669921875,20.931495666503906,218.18855202379882,124.62680190304096,0.0,FDB1782 ,False,False,False,1421.0,10668.0,10454.64,1577059899.9529998,1577059899.994
429530,1577059910,49d3fa,47.07554626464844,20.955116271972656,218.32072395307233,124.4389893088036,0.0,FDB1782 ,False,False,False,1421.0,10668.0,10462.26,1577059909.8760002,1577059909.8760002
434093,1577059920,49d3fa,47.06570434570313,20.97626495361328,218.16611122482777,124.13973086023584,0.0,FDB1782 ,False,False,False,1421.0,10668.0,10469.88,1577059919.052,1577059919.8170002
440508,1577059930,49d3fa,47.05572509765625,20.99789428710937,218.5920924581823,124.06405555337723,0.0,FDB1782 ,False,False,False,1421.0,10668.0,10469.88,1577059927.954,1577059929.934
447338,1577059940,49d3fa,47.04387600139036,21.02360652043269,218.5920924581823,124.06405555337723,0.0,FDB1782 ,False,False,False,1421.0,10660.38,10462.26,1577059938.929,1577059939.865
452325,1577059950,49d3fa,47.03292846679688,21.04712677001953,218.74519423388008,124.36278549070994,0.32511999999999996,FDB1782 ,False,False,False,1421.0,10660.38,10462.26,1577059948.543,1577059949.687
459489,1577059960,49d3fa,47.025162001787606,21.063678448016827,218.4552388730053,124.25140599415845,0.32511999999999996,FDB1782 ,False,False,False,1421.0,10668.0,10469.88,1577059955.7,1577059959.742
465853,1577059970,49d3fa,47.01699829101562,21.08125305175781,218.4552388730053,124.25140599415845,0.0,FDB1782 ,False,False,False,1421.0,10668.0,10469.88,1577059963.123,1577059968.533
471854,1577059980,49d3fa,46.99822998046875,21.1212158203125,218.61206833568912,124.5501875878966,0.0,FDB1782 ,False,False,False,1421.0,10668.0,10469.88,1577059979.998,1577059979.998
477296,1577059990,49d3fa,46.98819952496027,21.142484224759613,219.03597402032466,124.47386968385395,0.0,FDB1782 ,False,False,False,1421.0,10660.38,10469.88,1577059988.9,1577059989.832
484165,1577060000,49d3fa,46.97656146550582,21.16741473858173,218.74519423388008,124.36278549070994,0.0,FDB1782 ,False,False,False,1421.0,10660.38,10462.26,1577059999.5770001,1577059999.77
490344,1577060010,49d3fa,46.96609497070313,21.189674377441406,219.03597402032466,124.47386968385395,0.32511999999999996,FDB1782 ,False,False,False,1421.0,10660.38,10462.26,1577060008.7370002,1577060009.82
496343,1577060020,49d3fa,46.95407673463983,21.215233435997593,219.03597402032466,124.47386968385395,0.32511999999999996,FDB1782 ,False,False,False,1421.0,10668.0,10469.88,1577060019.7729998,1577060019.7729998
502550,1577060030,49d3fa,46.94265747070313,21.23966217041016,219.17004995824715,124.28687697720896,-0.32511999999999996,FDB1782 ,False,False,False,1421.0,10668.0,10469.88,1577060029.966,1577060029.967
507723,1577060040,49d3fa,46.93168510824946,21.26319298377404,219.7326368605366,124.02490917862318,0.0,FDB1782 ,False,False,False,1421.0,10660.38,10462.26,1577060039.909,1577060039.909
514825,1577060050,49d3fa,46.92219543457031,21.28374481201172,219.7326368605366,124.02490917862318,0.0,FDB1782 ,False,False,False,1421.0,10660.38,10462.26,1577060048.701,1577060049.41
520717,1577060060,49d3fa,46.9134521484375,21.30255889892578,219.8849444979257,124.32211732568598,0.32511999999999996,FDB1782 ,False,False,False,1421.0,10668.0,10469.88,1577060056.35,1577060059.299
526781,1577060070,49d3fa,46.89903259277344,21.33318328857422,219.91322718387187,124.80535388856475,0.32511999999999996,FDB1782 ,False,False,False,1421.0,10668.0,10469.88,1577060069.2510002,1577060069.62
532061,1577060080,49d3fa,46.889881198689096,21.35228083683894,219.78562540131782,124.99202019855869,0.0,FDB1782 ,False,False,False,1421.0,10668.0,10469.88,1577060077.314,1577060079.956
539971,1577060090,49d3fa,46.88355009434586,21.365520770733173,219.78562540131782,124.99202019855869,0.0,FDB1782 ,False,False,False,1421.0,10668.0,10469.88,1577060082.961,1577060086.8739998
544117,1577060100,49d3fa,46.86474609375,21.40471667778201,219.78562540131782,124.99202019855869,0.0,FDB1782 ,False,False,False,1421.0,10668.0,10469.88,1577060099.492,1577060099.595
550047,1577060110,49d3fa,46.854641154661024,21.42608642578125,220.5999216806925,124.35712925529644,0.32511999999999996,FDB1782 ,False,False,False,1421.0,10668.0,10477.5,1577060108.5770001,1577060109.755
557636,1577060120,49d3fa,46.84249102059057,21.452110290527344,220.7354455897657,124.17153333181817,0.32511999999999996,FDB1782 ,False,False,False,1421.0,10668.0,10477.5,1577060119.444,1577060119.77
562513,1577060130,49d3fa,46.83108572232521,21.47655487060547,221.02480439892963,124.28186860488664,-0.32511999999999996,FDB1782 ,False,False,False,1421.0,10668.0,10477.5,1577060129.6560001,1577060129.6560001
569521,1577060140,49d3fa,46.822706319518005,21.49447631835937,221.02480439892963,124.28186860488664,0.0,FDB1782 ,False,False,False,1421.0,10668.0,10477.5,1577060137.39,1577060139.3579998
576370,1577060150,49d3fa,46.822706319518005,21.49447631835937,221.6059712983956,124.50167270320642,-0.32511999999999996,FDB1782 ,False,False,False,1421.0,10660.38,10469.88,1577060137.39,1577060146.37
580366,1577060160,49d3fa,46.80189514160156,21.53829435022866,221.34547198621883,124.87201778936732,0.32511999999999996,FDB1782 ,False,False,False,1421.0,10668.0,10469.88,1577060155.793,1577060159.018
587811,1577060170,49d3fa,46.80189514160156,21.53829435022866,221.34547198621883,124.87201778936732,0.32511999999999996,FDB1782 ,False,False,False,1421.0,10660.38,10469.88,1577060155.793,1577060168.6829998
593789,1577060180,49d3fa,46.80189514160156,21.53829435022866,221.6059712983956,124.50167270320642,0.0,FDB1782 ,False,False,False,1421.0,10668.0,10477.5,1577060155.793,1577060178.9160001
598835,1577060190,49d3fa,46.80189514160156,21.53829435022866,221.6059712983956,124.50167270320642,0.0,FDB1782 ,False,False,False,1421.0,10668.0,10477.5,1577060155.793,1577060188.583
605711,1577060200,49d3fa,46.80189514160156,21.53829435022866,221.6059712983956,124.50167270320642,0.0,FDB1782 ,False,False,False,1421.0,10668.0,10477.5,1577060155.793,1577060198.7729998
613498,1577060210,49d3fa,46.80189514160156,21.53829435022866,221.6059712983956,124.50167270320642,0.0,FDB1782 ,False,False,False,1421.0,10668.0,10477.5,1577060155.793,1577060198.7729998
618703,1577060220,49d3fa,46.80189514160156,21.53829435022866,221.6059712983956,124.50167270320642,0.0,FDB1782 ,False,False,False,1421.0,10668.0,10477.5,1577060155.793,1577060218.052
623329,1577060230,49d3fa,46.72352600097656,21.70295529249238,221.6059712983956,124.50167270320642,0.0,FDB1782 ,False,False,False,1421.0,10668.0,10477.5,1577060224.658,1577060229.0310001
631693,1577060240,49d3fa,46.72352600097656,21.70295529249238,221.6059712983956,124.50167270320642,0.0,FDB1782 ,False,False,False,1421.0,10668.0,10477.5,1577060224.658,1577060229.0310001
636977,1577060250,49d3fa,46.72352600097656,21.70295529249238,221.6059712983956,124.50167270320642,0.0,FDB1782 ,False,False,False,1421.0,10668.0,10477.5,1577060224.658,1577060249.8370001
641798,1577060260,49d3fa,46.72352600097656,21.70295529249238,221.6059712983956,124.50167270320642,0.0,FDB1782 ,False,False,False,1421.0,10668.0,10477.5,1577060224.658,1577060259.341
650462,1577060270,49d3fa,46.72352600097656,21.70295529249238,221.6059712983956,124.50167270320642,0.0,FDB1782 ,False,False,False,1421.0,10668.0,10477.5,1577060224.658,1577060262.071
654929,1577060280,49d3fa,46.69622388936707,21.759727478027344,221.6059712983956,124.50167270320642,0.0,FDB1782 ,False,False,False,1421.0,10668.0,10477.5,1577060279.1260002,1577060279.1260002
660261,1577060290,49d3fa,46.69622388936707,21.759727478027344,221.6059712983956,124.50167270320642,0.0,FDB1782 ,False,False,False,1421.0,10668.0,10477.5,1577060279.1260002,1577060285.947
667806,1577060300,49d3fa,46.69622388936707,21.759727478027344,221.6059712983956,124.50167270320642,0.0,FDB1782 ,False,False,False,1421.0,10668.0,10477.5,1577060279.1260002,1577060285.947
673343,1577060310,49d3fa,46.69622388936707,21.759727478027344,221.6059712983956,124.50167270320642,0.0,FDB1782 ,False,False,False,1421.0,10668.0,10477.5,1577060279.1260002,1577060285.947
678918,1577060320,49d3fa,46.69622388936707,21.759727478027344,221.6059712983956,124.50167270320642,0.0,FDB1782 ,False,False,False,1421.0,10668.0,10477.5,1577060279.1260002,1577060285.947
686194,1577060330,49d3fa,46.69622388936707,21.759727478027344,221.6059712983956,124.50167270320642,0.0,FDB1782 ,False,False,False,1421.0,10668.0,10477.5,1577060279.1260002,1577060285.947
690940,1577060340,49d3fa,46.69622388936707,21.759727478027344,221.6059712983956,124.50167270320642,0.0,FDB1782 ,False,False,False,1421.0,10668.0,10477.5,1577060279.1260002,1577060285.947
697845,1577060350,49d3fa,46.69622388936707,21.759727478027344,221.6059712983956,124.50167270320642,0.0,FDB1782 ,False,False,False,1421.0,10668.0,10477.5,1577060279.1260002,1577060285.947
705010,1577060360,49d3fa,46.69622388936707,21.759727478027344,221.6059712983956,124.50167270320642,0.0,FDB1782 ,False,False,False,1421.0,10668.0,10477.5,1577060279.1260002,1577060285.947
709609,1577060370,49d3fa,46.69622388936707,21.759727478027344,221.6059712983956,124.50167270320642,0.0,FDB1782 ,False,False,False,1421.0,10668.0,10477.5,1577060279.1260002,1577060285.947
716438,1577060380,49d3fa,46.69622388936707,21.759727478027344,221.6059712983956,124.50167270320642,0.0,FDB1782 ,False,False,False,1421.0,10668.0,10477.5,1577060279.1260002,1577060285.947
722722,1577060390,49d3fa,46.69622388936707,21.759727478027344,221.6059712983956,124.50167270320642,0.0,FDB1782 ,False,False,False,1421.0,10668.0,10477.5,1577060279.1260002,1577060285.947
728438,1577060400,49d3fa,46.69622388936707,21.759727478027344,221.6059712983956,124.50167270320642,0.0,FDB1782 ,False,False,False,1421.0,10668.0,10477.5,1577060279.1260002,1577060285.947
734157,1577060410,49d3fa,46.69622388936707,21.759727478027344,221.6059712983956,124.50167270320642,0.0,FDB1782 ,False,False,False,1421.0,10668.0,10477.5,1577060279.1260002,1577060285.947
740735,1577060420,49d3fa,46.69622388936707,21.759727478027344,221.6059712983956,124.50167270320642,0.0,FDB1782 ,False,False,False,1421.0,10668.0,10477.5,1577060279.1260002,1577060285.947
747139,1577060430,49d3fa,46.69622388936707,21.759727478027344,221.6059712983956,124.50167270320642,0.0,FDB1782 ,False,False,False,1421.0,10668.0,10477.5,1577060279.1260002,1577060285.947
751715,1577060440,49d3fa,46.69622388936707,21.759727478027344,221.6059712983956,124.50167270320642,0.0,FDB1782 ,False,False,False,1421.0,10668.0,10477.5,1577060279.1260002,1577060285.947
759710,1577060450,49d3fa,46.69622388936707,21.759727478027344,221.6059712983956,124.50167270320642,0.0,FDB1782 ,False,False,False,1421.0,10668.0,10477.5,1577060279.1260002,1577060285.947
764465,1577060460,49d3fa,46.69622388936707,21.759727478027344,221.6059712983956,124.50167270320642,0.0,FDB1782 ,False,False,False,1421.0,10668.0,10477.5,1577060279.1260002,1577060285.947
771502,1577060470,49d3fa,46.69622388936707,21.759727478027344,221.6059712983956,124.50167270320642,0.0,FDB1782 ,False,False,False,1421.0,10668.0,10477.5,1577060279.1260002,1577060285.947
778282,1577060480,49d3fa,46.69622388936707,21.759727478027344,221.6059712983956,124.50167270320642,0.0,FDB1782 ,False,False,False,1421.0,10668.0,10477.5,1577060279.1260002,1577060285.947
782360,1577060490,49d3fa,46.69622388936707,21.759727478027344,221.6059712983956,124.50167270320642,0.0,FDB1782 ,False,False,False,1421.0,10668.0,10477.5,1577060279.1260002,1577060285.947
789147,1577060500,49d3fa,46.69622388936707,21.759727478027344,221.6059712983956,124.50167270320642,0.0,FDB1782 ,False,False,False,1421.0,10668.0,10477.5,1577060279.1260002,1577060285.947
796381,1577060510,49d3fa,46.69622388936707,21.759727478027344,221.6059712983956,124.50167270320642,0.0,FDB1782 ,False,False,False,1421.0,10668.0,10477.5,1577060279.1260002,1577060285.947
800963,1577060520,49d3fa,46.69622388936707,21.759727478027344,221.6059712983956,124.50167270320642,0.0,FDB1782 ,False,False,False,1421.0,10668.0,10477.5,1577060279.1260002,1577060285.947
807583,1577060530,49d3fa,46.69622388936707,21.759727478027344,221.6059712983956,124.50167270320642,0.0,FDB1782 ,False,False,False,1421.0,10668.0,10477.5,1577060279.1260002,1577060285.947
814611,1577060540,49d3fa,46.69622388936707,21.759727478027344,221.6059712983956,124.50167270320642,0.0,FDB1782 ,False,False,False,1421.0,10668.0,10477.5,1577060279.1260002,1577060285.947
818589,1577060550,49d3fa,46.69622388936707,21.759727478027344,221.6059712983956,124.50167270320642,0.0,FDB1782 ,False,False,False,1421.0,10668.0,10477.5,1577060279.1260002,1577060285.947
825270,1577060560,49d3fa,46.69622388936707,21.759727478027344,221.6059712983956,124.50167270320642,0.0,FDB1782 ,False,False,False,1421.0,10668.0,10477.5,1577060279.1260002,1577060285.947
832657,1577060570,49d3fa,46.69622388936707,21.759727478027344,221.6059712983956,124.50167270320642,0.0,FDB1782 ,False,False,False,1421.0,10668.0,10477.5,1577060279.1260002,1577060285.947
836747,1577060580,49d3fa,46.69622388936707,21.759727478027344,221.6059712983956,124.50167270320642,0.0,FDB1782 ,False,False,False,1421.0,10668.0,10477.5,1577060279.1260002,1577060285.947
855656,1577060610,49d3fa,46.28572082519531,22.606915729801827,222.2880318929404,125.67640822186199,-0.32511999999999996,FDB1782 ,False,False,False,1421.0,10668.0,10492.74,1577060607.5679998,1577060609.698
861371,1577060620,49d3fa,46.27153015136719,22.635520376810216,222.4070584506348,125.4914591038173,0.0,FDB1782 ,False,False,False,1421.0,10660.38,10485.12,1577060619.69,1577060619.69
868143,1577060630,49d3fa,46.27153015136719,22.635520376810216,222.4070584506348,125.4914591038173,0.0,FDB1782 ,False,False,False,1421.0,10660.38,10485.12,1577060619.69,1577060619.69
874395,1577060640,49d3fa,46.25289916992188,22.672900688357476,222.1713239991296,125.86155358049156,0.0,FDB1782 ,False,False,False,1421.0,10668.0,10485.12,1577060636.123,1577060636.123
878972,1577060650,49d3fa,46.2367533021054,22.70503234863281,222.58845140876147,125.78397731518544,0.0,FDB1782 ,False,False,False,1421.0,10668.0,10492.74,1577060649.458,1577060649.458
885997,1577060660,49d3fa,46.2367533021054,22.70503234863281,222.58845140876147,125.78397731518544,0.0,FDB1782 ,False,False,False,1421.0,10668.0,10492.74,1577060649.458,1577060653.772
891986,1577060670,49d3fa,46.2367533021054,22.70503234863281,222.58845140876147,125.78397731518544,0.0,FDB1782 ,False,False,False,1421.0,10668.0,10492.74,1577060649.458,1577060668.026
897384,1577060680,49d3fa,46.20104773569915,22.77651214599609,223.00598534306914,125.70669140060288,0.0,FDB1782 ,False,False,False,1421.0,10660.38,10500.36,1577060679.811,1577060679.811
905504,1577060690,49d3fa,46.191271765757406,22.79621887207031,223.24558038403381,125.33814869402114,0.32511999999999996,FDB1782 ,False,False,False,1421.0,10668.0,10500.36,1577060688.23,1577060689.6529999
910450,1577060700,49d3fa,46.17865610930879,22.82196807861328,223.66543737256669,125.2619248325185,-0.32511999999999996,FDB1782 ,False,False,False,1421.0,10668.0,10500.36,1577060699.434,1577060699.434
915389,1577060710,49d3fa,46.17865610930879,22.82196807861328,223.66543737256669,125.2619248325185,-0.32511999999999996,FDB1782 ,False,False,False,1421.0,10668.0,10500.36,1577060699.434,1577060699.434
922828,1577060720,49d3fa,46.17865610930879,22.82196807861328,223.66543737256669,125.2619248325185,-0.32511999999999996,FDB1782 ,False,False,False,1421.0,10668.0,10500.36,1577060699.434,1577060699.434
927797,1577060730,49d3fa,46.15141296386719,22.877420564977136,223.66543737256669,125.2619248325185,-0.32511999999999996,FDB1782 ,False,False,False,1421.0,10668.0,10500.36,1577060723.0129998,1577060723.519
933020,1577060740,49d3fa,46.15141296386719,22.877420564977136,223.66543737256669,125.2619248325185,-0.32511999999999996,FDB1782 ,False,False,False,1421.0,10668.0,10500.36,1577060723.0129998,1577060730.934
941575,1577060750,49d3fa,46.15141296386719,22.877420564977136,223.66543737256669,125.2619248325185,-0.32511999999999996,FDB1782 ,False,False,False,1421.0,10668.0,10500.36,1577060723.0129998,1577060730.934
946036,1577060760,49d3fa,46.15141296386719,22.877420564977136,223.66543737256669,125.2619248325185,-0.32511999999999996,FDB1782 ,False,False,False,1421.0,10668.0,10500.36,1577060723.0129998,1577060730.934
951090,1577060770,49d3fa,46.15141296386719,22.877420564977136,223.66543737256669,125.2619248325185,-0.32511999999999996,FDB1782 ,False,False,False,1421.0,10668.0,10500.36,1577060723.0129998,1577060730.934
958072,1577060780,49d3fa,46.088577529131356,23.00283050537109,224.44207734374447,125.76667649072279,0.0,FDB1782 ,False,False,False,1421.0,10668.0,10500.36,1577060776.161,1577060776.758
963428,1577060790,49d3fa,46.07335494736493,23.033042907714844,223.91023662066868,126.02737338510363,0.32511999999999996,FDB1782 ,False,False,False,1421.0,10668.0,10507.98,1577060789.154,1577060789.32
970529,1577060800,49d3fa,46.06851196289063,23.042617425685982,224.44207734374447,125.76667649072279,0.0,FDB1782 ,False,False,False,1421.0,10668.0,10500.36,1577060793.0370002,1577060799.6479998
977104,1577060810,49d3fa,46.05079650878906,23.078122022675306,224.55996216646142,125.58345337172608,0.0,FDB1782 ,False,False,False,1421.0,10660.38,10507.98,1577060808.544,1577060808.544
982078,1577060820,49d3fa,46.03788214214777,23.103973388671875,224.55996216646142,125.58345337172608,0.0,FDB1782 ,False,False,False,1421.0,10668.0,10507.98,1577060819.685,1577060819.685
988617,1577060830,49d3fa,46.0367431640625,23.106391720655488,224.55996216646142,125.58345337172608,0.0,FDB1782 ,False,False,False,1421.0,10668.0,10507.98,1577060820.62,1577060820.667
994054,1577060840,49d3fa,46.0367431640625,23.106391720655488,224.55996216646142,125.58345337172608,0.0,FDB1782 ,False,False,False,1421.0,10668.0,10507.98,1577060820.62,1577060838.8179998
999341,1577060850,49d3fa,46.0367431640625,23.106391720655488,224.55996216646142,125.58345337172608,0.0,FDB1782 ,False,False,False,1421.0,10668.0,10507.98,1577060820.62,1577060849.395
1005376,1577060860,49d3fa,45.99696350097656,23.18577464033918,224.44207734374447,125.76667649072279,0.0,FDB1782 ,False,False,False,1421.0,10668.0,10507.98,1577060854.103,1577060855.738
1013119,1577060870,49d3fa,45.979598740399894,23.220497131347656,224.2610035767044,125.47656231700572,0.0,FDB1782 ,False,False,False,1421.0,10668.0,10507.98,1577060869.111,1577060869.654
1017036,1577060880,49d3fa,45.970241740598524,23.2393798828125,224.38252197270768,125.2933475906603,-0.32511999999999996,FDB1782 ,False,False,False,1421.0,10660.38,10500.36,1577060877.0839999,1577060879.543
1022943,1577060890,49d3fa,45.95997619628906,23.26006633479421,223.84226368399064,125.55298524005077,0.0,FDB1782 ,False,False,False,1421.0,10660.38,10500.36,1577060885.549,1577060889.099
1031306,1577060900,49d3fa,45.946825964976156,23.28627777099609,223.49439202190564,126.10494420183235,0.6502399999999999,FDB1782 ,False,False,False,1421.0,10668.0,10507.98,1577060897.074,1577060897.3439999
1035070,1577060910,49d3fa,45.93127751754502,23.316558837890625,222.6639386709281,126.26095434149627,0.0,FDB1782 ,False,False,False,1421.0,10660.38,10500.36,1577060909.96,1577060909.96
1041790,1577060920,49d3fa,45.92001187599311,23.33873748779297,221.9448787614946,126.232418755447,0.32511999999999996,FDB1782 ,False,False,False,1421.0,10660.38,10500.36,1577060919.409,1577060919.681
1049346,1577060930,49d3fa,45.91400663731461,23.35047912597656,221.53012352997283,126.31106196761922,0.32511999999999996,FDB1782 ,False,False,False,1421.0,10668.0,10507.98,1577060924.6529999,1577060926.835
1054245,1577060940,49d3fa,45.89966854806674,23.37856292724609,221.33829794514182,126.0175825821379,0.32511999999999996,FDB1782 ,False,False,False,1421.0,10668.0,10507.98,1577060936.885,1577060939.289
1058898,1577060950,49d3fa,45.88682556152344,23.40389344750381,221.64119883321405,126.12514765796429,0.0,FDB1782 ,False,False,False,1421.0,10668.0,10507.98,1577060948.082,1577060948.9
1066139,1577060960,49d3fa,45.87518207097458,23.42669677734375,221.64119883321405,126.12514765796429,0.0,FDB1782 ,False,False,False,1421.0,10668.0,10507.98,1577060957.6379998,1577060959.7670002
1070703,1577060970,49d3fa,45.862060546875,23.452461056592988,221.64119883321405,126.12514765796429,0.32511999999999996,FDB1782 ,False,False,False,1421.0,10660.38,10500.36,1577060968.78,1577060969.269
1076767,1577060980,49d3fa,45.85139465332031,23.47336187595275,221.22587426197416,126.20369767566088,0.0,FDB1782 ,False,False,False,1421.0,10660.38,10507.98,1577060977.8470001,1577060978.3920002
1084945,1577060990,49d3fa,45.83779907226562,23.499956828791923,221.33829794514182,126.0175825821379,0.0,FDB1782 ,False,False,False,1421.0,10660.38,10507.98,1577060989.758,1577060989.758
1088571,1577061000,49d3fa,45.82974243164063,23.51583341272866,221.22587426197416,126.20369767566088,-0.32511999999999996,FDB1782 ,False,False,False,1421.0,10660.38,10515.6,1577060996.7410002,1577060999.58
1096123,1577061010,49d3fa,45.82177734375,23.531509027248482,221.75460540823084,125.93942154976564,-0.32511999999999996,FDB1782 ,False,False,False,1421.0,10660.38,10507.98,1577061003.401,1577061009.957
1102211,1577061020,49d3fa,45.80479508739407,23.56512451171875,221.0361792999931,125.90972307917768,0.0,FDB1782 ,False,False,False,1421.0,10668.0,10515.6,1577061018.039,1577061019.079
1107041,1577061030,49d3fa,45.79682922363281,23.580746534394056,221.22587426197416,126.20369767566088,0.0,FDB1782 ,False,False,False,1421.0,10660.38,10515.6,1577061024.975,1577061025.7410002
1114011,1577061040,49d3fa,45.78080749511719,23.612164753239327,220.92240393405746,126.0960380426251,0.0,FDB1782 ,False,False,False,1421.0,10668.0,10515.6,1577061038.52,1577061038.8479998
1120948,1577061050,49d3fa,45.78080749511719,23.612164753239327,221.33829794514182,126.0175825821379,0.0,FDB1782 ,False,False,False,1421.0,10668.0,10515.6,1577061038.52,1577061049.496
1125914,1577061060,49d3fa,45.75721870034429,23.65850830078125,220.92240393405746,126.0960380426251,0.0,FDB1782 ,False,False,False,1421.0,10668.0,10515.6,1577061058.617,1577061058.617
1131203,1577061070,49d3fa,45.75155639648438,23.669441037061738,220.92240393405746,126.0960380426251,0.0,FDB1782 ,False,False,False,1421.0,10668.0,10515.6,1577061063.7529998,1577061069.649
1138826,1577061080,49d3fa,45.7326856710143,23.70623016357422,220.70187219976364,126.46923439005188,0.0,FDB1782 ,False,False,False,1421.0,10668.0,10515.6,1577061079.698,1577061079.698
1143686,1577061090,49d3fa,45.72550964355469,23.720085330125762,221.0080403197343,126.57648606984439,-0.32511999999999996,FDB1782 ,False,False,False,1421.0,10668.0,10515.6,1577061085.76,1577061088.5470002
1148790,1577061100,49d3fa,45.70913023867849,23.75175476074219,220.81096705323208,126.28254303540035,0.0,FDB1782 ,False,False,False,1421.0,10660.38,10507.98,1577061099.4689999,1577061099.796
1156604,1577061110,49d3fa,45.69716631355932,23.77496337890625,220.81096705323208,126.28254303540035,0.0,FDB1782 ,False,False,False,1421.0,10660.38,10507.98,1577061109.789,1577061109.789
1160606,1577061120,49d3fa,45.685546875,23.79752554544589,220.39647956410417,126.36168510570869,0.32511999999999996,FDB1782 ,False,False,False,1421.0,10668.0,10515.6,1577061119.566,1577061119.566
1167673,1577061130,49d3fa,45.67510986328125,23.817689476943603,219.9824141670781,126.44112526090237,0.32511999999999996,FDB1782 ,False,False,False,1421.0,10668.0,10515.6,1577061128.5229998,1577061129.889
1173212,1577061140,49d3fa,45.66197282176907,23.84314727783203,220.09186564086968,126.2538377374448,0.0,FDB1782 ,False,False,False,1421.0,10668.0,10515.6,1577061139.7189999,1577061139.7189999
1178863,1577061150,49d3fa,45.6507568359375,23.864984279725608,220.09186564086968,126.2538377374448,0.0,FDB1782 ,False,False,False,1421.0,10668.0,10515.6,1577061149.224,1577061149.9320002
1185156,1577061160,49d3fa,45.63844299316406,23.8887656607279,219.9824141670781,126.44112526090237,0.0,FDB1782 ,False,False,False,1421.0,10660.38,10507.98,1577061159.7610002,1577061159.982
1192533,1577061170,49d3fa,45.62743106130826,23.91009521484375,219.67722608364284,126.33318473124214,0.0,FDB1782 ,False,False,False,1421.0,10660.38,10507.98,1577061169.211,1577061169.976
1196221,1577061180,49d3fa,45.615234375,23.933581840701226,219.2630094283746,126.41283167208118,0.32511999999999996,FDB1782 ,False,False,False,1421.0,10668.0,10523.22,1577061179.695,1577061179.915
1202381,1577061190,49d3fa,45.6031494140625,23.957028272675306,218.8492180763489,126.49277995440123,0.32511999999999996,FDB1782 ,False,False,False,1421.0,10668.0,10515.6,1577061189.9629998,1577061189.9629998
1209210,1577061200,49d3fa,45.59202575683594,23.97873296970275,218.46432473174846,125.89841842042671,-0.32511999999999996,FDB1782 ,False,False,False,1421.0,10660.38,10515.6,1577061199.684,1577061199.684
1214372,1577061210,49d3fa,45.58073916677701,24.000938415527344,218.3504213099239,126.08692206920168,0.0,FDB1782 ,False,False,False,1421.0,10660.38,10523.22,1577061209.351,1577061209.633
1220536,1577061220,49d3fa,45.56858903270657,24.02455902099609,218.2388838004361,126.27562044309146,0.0,FDB1782 ,False,False,False,1421.0,10660.38,10515.6,1577061219.9989998,1577061219.9989998
1227201,1577061230,49d3fa,45.55751037597656,24.045856754954272,218.1297158326113,126.46450974427113,0.0,FDB1782 ,False,False,False,1421.0,10668.0,10523.22,1577061229.395,1577061229.6120002
1231948,1577061240,49d3fa,45.54537963867188,24.069148472377233,217.71620171400693,126.54497232282257,0.0,FDB1782 ,False,False,False,1421.0,10660.38,10515.6,1577061239.77,1577061239.77
1238824,1577061250,49d3fa,45.53469900357521,24.08973507764863,217.8243619450321,126.35568386090158,0.0,FDB1782 ,False,False,False,1421.0,10660.38,10515.6,1577061249.002,1577061249.554
1245613,1577061260,49d3fa,45.522548869504774,24.11338247903964,217.93489724058216,126.166585348781,0.32511999999999996,FDB1782 ,False,False,False,1421.0,10668.0,10523.22,1577061259.4329998,1577061259.758
1250014,1577061270,49d3fa,45.51077115333686,24.13622600276296,217.8243619450321,126.35568386090158,0.0,FDB1782 ,False,False,False,1421.0,10668.0,10523.22,1577061269.81,1577061269.81
1256395,1577061280,49d3fa,45.49941240730932,24.15819865901296,217.8243619450321,126.35568386090158,0.0,FDB1782 ,False,False,False,1421.0,10668.0,10523.22,1577061279.911,1577061279.9120002
1263757,1577061290,49d3fa,45.48806762695313,24.18025425502232,217.93489724058216,126.166585348781,0.0,FDB1782 ,False,False,False,1421.0,10660.38,10515.6,1577061289.304,1577061289.581
1268826,1577061300,49d3fa,45.47634887695313,24.202880859375,217.8243619450321,126.35568386090158,0.32511999999999996,FDB1782 ,False,False,False,1421.0,10668.0,10523.22,1577061299.461,1577061299.79
1273465,1577061310,49d3fa,45.46430969238281,24.226226806640625,218.2388838004361,126.27562044309146,0.0,FDB1782 ,False,False,False,1421.0,10668.0,10523.22,1577061309.785,1577061309.785
1281909,1577061320,49d3fa,45.45276706501589,24.248433927210368,218.1297158326113,126.46450974427113,0.0,FDB1782 ,False,False,False,1421.0,10668.0,10523.22,1577061319.7810001,1577061319.7810001
1286681,1577061330,49d3fa,45.44084969213454,24.27121046112805,218.43585444457017,126.57303097851934,-0.32511999999999996,FDB1782 ,False,False,False,1421.0,10668.0,10523.22,1577061329.992,1577061329.992
1291704,1577061340,49d3fa,45.42911852820445,24.293585056211892,218.3304214933406,126.76189441935844,0.32511999999999996,FDB1782 ,False,False,False,1421.0,10668.0,10523.22,1577061339.8779998,1577061339.8779998
1298668,1577061350,49d3fa,45.41785288665254,24.315021794016772,218.7427744861562,126.68124806575682,-0.32511999999999996,FDB1782 ,False,False,False,1421.0,10668.0,10523.22,1577061349.6520002,1577061349.6529999
1304423,1577061360,49d3fa,45.40635681152344,24.336940220424108,218.8492180763489,126.49277995440123,0.0,FDB1782 ,False,False,False,1421.0,10668.0,10523.22,1577061359.21,1577061359.4829998
1309626,1577061370,49d3fa,45.39422607421875,24.359959193638392,218.9477531996584,126.97759635267252,0.0,FDB1782 ,False,False,False,1421.0,10660.38,10515.6,1577061369.6420002,1577061369.6420002
1317599,1577061380,49d3fa,45.38241577148438,24.38232421875,218.9477531996584,126.97759635267252,0.0,FDB1782 ,False,False,False,1421.0,10668.0,10523.22,1577061379.6339998,1577061379.7979999
1322289,1577061390,49d3fa,45.37037658691406,24.40508161272321,218.9477531996584,126.97759635267252,0.0,FDB1782 ,False,False,False,1421.0,10660.38,10515.6,1577061389.7389998,1577061389.7389998
1328406,1577061400,49d3fa,45.35829162597656,24.42783900669643,218.9477531996584,126.97759635267252,0.0,FDB1782 ,False,False,False,1421.0,10668.0,10523.22,1577061399.951,1577061399.951
1335226,1577061410,49d3fa,45.34658141055349,24.449872272770577,218.9477531996584,126.97759635267252,0.0,FDB1782 ,False,False,False,1421.0,10668.0,10523.22,1577061409.9989998,1577061409.9989998
1339415,1577061420,49d3fa,45.33498990333686,24.47177793921494,219.3589457296422,126.89677183689062,0.0,FDB1782 ,False,False,False,1421.0,10668.0,10523.22,1577061419.7229998,1577061419.7229998
1346752,1577061430,49d3fa,45.32293287374205,24.494554473132624,219.3589457296422,126.89677183689062,0.0,FDB1782 ,False,False,False,1421.0,10668.0,10523.22,1577061429.879,1577061429.9989998
1352450,1577061440,49d3fa,45.311279296875,24.516710553850444,219.4626786581981,126.70872850830895,0.0,FDB1782 ,False,False,False,1421.0,10668.0,10523.22,1577061439.8720002,1577061439.984
1357177,1577061450,49d3fa,45.29956365035752,24.538901724466466,219.7705731378066,126.81624992789543,0.0,FDB1782 ,False,False,False,1421.0,10668.0,10523.22,1577061449.705,1577061449.813
1363971,1577061460,49d3fa,45.287841796875,24.56104823521205,219.7705731378066,126.81624992789543,0.0,FDB1782 ,False,False,False,1421.0,10668.0,10515.6,1577061459.5879998,1577061459.81
1370370,1577061470,49d3fa,45.27580261230469,24.583871023995535,220.18263298516112,126.73602924571705,0.0,FDB1782 ,False,False,False,1421.0,10668.0,10523.22,1577061469.805,1577061469.805
1375991,1577061480,49d3fa,45.264370158567274,24.605690560689787,219.87531551947723,126.62859724017538,0.0,FDB1782 ,False,False,False,1421.0,10660.38,10515.6,1577061479.471,1577061479.86
1382009,1577061490,49d3fa,45.25241088867188,24.62833949497768,220.18263298516112,126.73602924571705,0.32511999999999996,FDB1782 ,False,False,False,1421.0,10668.0,10523.22,1577061489.6279998,1577061489.954
1389351,1577061500,49d3fa,45.24048886056674,24.650975669302593,219.7705731378066,126.81624992789543,0.0,FDB1782 ,False,False,False,1421.0,10668.0,10523.22,1577061499.731,1577061499.947
1394330,1577061510,49d3fa,45.22874450683594,24.67313494001116,219.7705731378066,126.81624992789543,0.32511999999999996,FDB1782 ,False,False,False,1421.0,10668.0,10523.22,1577061509.615,1577061509.9420002
1400224,1577061520,49d3fa,45.21716618942002,24.695054961413874,220.07923940269055,126.92347012159536,-0.32511999999999996,FDB1782 ,False,False,False,1421.0,10668.0,10530.84,1577061519.508,1577061519.6660001
1407055,1577061530,49d3fa,45.204922950873936,24.718032464748482,220.07923940269055,126.92347012159536,0.0,FDB1782 ,False,False,False,1421.0,10660.38,10523.22,1577061529.66,1577061529.931
1411747,1577061540,49d3fa,45.19267272949219,24.741080147879465,220.07923940269055,126.92347012159536,0.32511999999999996,FDB1782 ,False,False,False,1421.0,10668.0,10530.84,1577061539.926,1577061539.926
1417747,1577061550,49d3fa,45.18118130958686,24.76278165491616,220.07923940269055,126.92347012159536,-0.32511999999999996,FDB1782 ,False,False,False,1421.0,10668.0,10530.84,1577061549.755,1577061549.921
1424557,1577061560,49d3fa,45.16891479492188,24.78574480329241,220.38867421006873,127.03038960567864,-0.32511999999999996,FDB1782 ,False,False,False,1421.0,10660.38,10523.22,1577061559.97,1577061559.97
1429779,1577061570,49d3fa,45.15734656382415,24.80739686547256,219.9782034074556,127.11108519016821,0.32511999999999996,FDB1782 ,False,False,False,1421.0,10660.38,10523.22,1577061569.745,1577061569.9629998
1435447,1577061580,49d3fa,45.14556884765625,24.829493931361608,220.38867421006873,127.03038960567864,0.0,FDB1782 ,False,False,False,1421.0,10668.0,10530.84,1577061579.631,1577061579.855
1443193,1577061590,49d3fa,45.13316345214844,24.85270908900669,220.38867421006873,127.03038960567864,0.0,FDB1782 ,False,False,False,1421.0,10668.0,10530.84,1577061589.95,1577061589.95
1448347,1577061600,49d3fa,45.121547892942274,24.874319681307174,220.69887432729493,127.13700890190078,0.0,FDB1782 ,False,False,False,1421.0,10668.0,10530.84,1577061599.726,1577061599.726
1453883,1577061610,49d3fa,45.11004638671875,24.895738874162944,221.10920419623716,127.05652818940958,0.0,FDB1782 ,False,False,False,1421.0,10668.0,10530.84,1577061609.506,1577061609.831
1460348,1577061620,49d3fa,45.09773254394531,24.9188232421875,221.10920419623716,127.05652818940958,0.0,FDB1782 ,False,False,False,1421.0,10668.0,10530.84,1577061619.607,1577061619.9889998
1466152,1577061630,49d3fa,45.08551025390625,24.941646030970983,221.41959013333684,127.16276385667528,0.32511999999999996,FDB1782 ,False,False,False,1421.0,10668.0,10530.84,1577061629.764,1577061629.984
1472022,1577061640,49d3fa,45.07387840141685,24.96334913300305,221.10920419623716,127.05652818940958,0.0,FDB1782 ,False,False,False,1421.0,10668.0,10530.84,1577061639.486,1577061639.924
1478518,1577061650,49d3fa,45.0620075807733,24.98552275866997,221.82977990123712,127.08249696517166,0.32511999999999996,FDB1782 ,False,False,False,1421.0,10660.38,10523.22,1577061649.5979998,1577061649.861
1484486,1577061660,49d3fa,45.05003356933594,25.00795636858259,221.62269014864228,126.79009856162928,0.32511999999999996,FDB1782 ,False,False,False,1421.0,10668.0,10530.84,1577061659.367,1577061659.7329998
1489761,1577061670,49d3fa,45.03835904396186,25.03000398961509,221.51996870826284,126.97634578999781,0.0,FDB1782 ,False,False,False,1421.0,10668.0,10530.84,1577061669.133,1577061669.776
1496323,1577061680,49d3fa,45.02586364746094,25.05327497209821,221.82977990123712,127.08249696517166,0.0,FDB1782 ,False,False,False,1421.0,10668.0,10530.84,1577061679.564,1577061679.955
1501835,1577061690,49d3fa,45.01345359672935,25.076360935118146,221.7307351600015,127.26870173558085,0.32511999999999996,FDB1782 ,False,False,False,1421.0,10668.0,10530.84,1577061689.839,1577061689.839
1507382,1577061700,49d3fa,45.00173950195313,25.09807041713169,222.1403503886927,127.18835168668751,0.0,FDB1782 ,False,False,False,1421.0,10668.0,10530.84,1577061699.56,1577061699.941
1514664,1577061710,49d3fa,44.98933953753972,25.121177115091466,222.55040088098212,127.10829757176428,0.0,FDB1782 ,False,False,False,1421.0,10660.38,10523.22,1577061709.825,1577061709.9829998
1519103,1577061720,49d3fa,44.97761535644531,25.142931256975444,222.1403503886927,127.18835168668751,0.32511999999999996,FDB1782 ,False,False,False,1421.0,10660.38,10523.22,1577061719.4829998,1577061719.8679998
1526424,1577061730,49d3fa,44.965644448490465,25.165055437785824,222.35528972778962,127.47968624961901,0.32511999999999996,FDB1782 ,False,False,False,1421.0,10668.0,10530.84,1577061729.395,1577061729.823
1532638,1577061740,49d3fa,44.95298223980402,25.188233910537353,222.26124213304885,127.66562119858332,-0.32511999999999996,FDB1782 ,False,False,False,1421.0,10668.0,10530.84,1577061739.935,1577061739.935
1536924,1577061750,49d3fa,44.94145202636719,25.209437779017854,222.35528972778962,127.47968624961901,0.0,FDB1782 ,False,False,False,1421.0,10660.38,10530.84,1577061749.371,1577061749.84
1544169,1577061760,49d3fa,44.92881774902344,25.23271833147321,222.451676990418,127.29391047508804,0.0,FDB1782 ,False,False,False,1421.0,10660.38,10523.22,1577061759.745,1577061759.855
1550026,1577061770,49d3fa,44.91645812988281,25.25554112025669,222.451676990418,127.29391047508804,0.0,FDB1782 ,False,False,False,1421.0,10668.0,10530.84,1577061769.935,1577061769.935
1554633,1577061780,49d3fa,44.90524291992188,25.276336669921875,222.451676990418,127.29391047508804,0.0,FDB1782 ,False,False,False,1421.0,10660.38,10523.22,1577061779.179,1577061779.842
1561923,1577061790,49d3fa,44.89274597167969,25.29942103794643,222.451676990418,127.29391047508804,0.32511999999999996,FDB1782 ,False,False,False,1421.0,10660.38,10523.22,1577061789.617,1577061789.947
1568873,1577061800,49d3fa,44.88066101074219,25.321786063058035,222.451676990418,127.29391047508804,0.0,FDB1782 ,False,False,False,1421.0,10668.0,10530.84,1577061799.613,1577061799.9970002
1573554,1577061810,49d3fa,44.86834716796875,25.34454345703125,222.451676990418,127.29391047508804,0.0,FDB1782 ,False,False,False,1421.0,10668.0,10530.84,1577061809.769,1577061809.944
1578503,1577061820,49d3fa,44.8564453125,25.366450718470983,222.35528972778962,127.47968624961901,0.0,FDB1782 ,False,False,False,1421.0,10668.0,10530.84,1577061819.5229998,1577061819.9970002
1586090,1577061830,49d3fa,44.84442242121292,25.388466439596037,222.35528972778962,127.47968624961901,0.0,FDB1782 ,False,False,False,1421.0,10660.38,10523.22,1577061829.549,1577061829.9770002
1590625,1577061840,49d3fa,44.83185331700211,25.41164491234756,222.451676990418,127.29391047508804,0.0,FDB1782 ,False,False,False,1421.0,10660.38,10523.22,1577061839.917,1577061839.966
1596240,1577061850,49d3fa,44.819749735169495,25.43395251762577,222.04263608512855,127.37434235517328,0.32511999999999996,FDB1782 ,False,False,False,1421.0,10668.0,10530.84,1577061849.7629998,1577061849.9120002
1603190,1577061860,49d3fa,44.80764615333686,25.456260122903966,221.94726359874562,127.56049482996777,0.0,FDB1782 ,False,False,False,1421.0,10668.0,10530.84,1577061859.79,1577061859.961
1609319,1577061870,49d3fa,44.795654296875,25.47821044921875,222.35528972778962,127.47968624961901,-0.32511999999999996,FDB1782 ,False,False,False,1421.0,10660.38,10523.22,1577061869.7910001,1577061869.8370001
1614121,1577061880,49d3fa,44.783625198622886,25.500205435403966,221.53968058402359,127.64160091124629,0.32511999999999996,FDB1782 ,False,False,False,1421.0,10668.0,10530.84,1577061879.784,1577061879.966
1620904,1577061890,49d3fa,44.7711181640625,25.5230712890625,221.53968058402359,127.64160091124629,0.0,FDB1782 ,False,False,False,1421.0,10660.38,10530.84,1577061889.941,1577061889.9970002
1626754,1577061900,49d3fa,44.75885940810381,25.54542355421113,221.22587426197416,127.5360976160272,0.32511999999999996,FDB1782 ,False,False,False,1421.0,10668.0,10538.46,1577061899.961,1577061899.961
1632032,1577061910,49d3fa,44.74750066207627,25.56625738376525,221.32155761162662,127.3493490446406,0.0,FDB1782 ,False,False,False,1421.0,10668.0,10538.46,1577061909.431,1577061909.9910002
1640095,1577061920,49d3fa,44.73576949814618,25.587694121570124,221.22587426197416,127.5360976160272,0.0,FDB1782 ,False,False,False,1421.0,10668.0,10538.46,1577061919.115,1577061919.928
1643596,1577061930,49d3fa,44.72259521484375,25.611810451600608,221.22587426197416,127.5360976160272,0.0,FDB1782 ,False,False,False,1421.0,10668.0,10530.84,1577061929.965,1577061929.965
1650201,1577061940,49d3fa,44.71083068847656,25.63319614955357,221.13254313381734,127.72300581253431,0.0,FDB1782 ,False,False,False,1421.0,10668.0,10538.46,1577061939.717,1577061939.875
1657091,1577061950,49d3fa,44.698807021318856,25.65501887623857,220.72585371371034,127.80471085782335,0.0,FDB1782 ,False,False,False,1421.0,10668.0,10538.46,1577061949.581,1577061949.975
1662032,1577061960,49d3fa,44.68656921386719,25.67720685686384,220.81815822647644,127.61742364727108,0.32511999999999996,FDB1782 ,False,False,False,1421.0,10660.38,10530.84,1577061959.7129998,1577061959.925
1667585,1577061970,49d3fa,44.67548435017214,25.697490413014485,220.50452529935765,127.51154077362978,0.6502399999999999,FDB1782 ,False,False,False,1421.0,10660.38,10530.84,1577061968.9910002,1577061969.871
1674466,1577061980,49d3fa,44.66249084472656,25.72128295898437,220.19164756574037,127.40535663140855,0.0,FDB1782 ,False,False,False,1421.0,10668.0,10538.46,1577061979.675,1577061979.968
1680238,1577061990,49d3fa,44.650578902939614,25.743043480849853,220.09667544584062,127.59308787150478,0.0,FDB1782 ,False,False,False,1421.0,10668.0,10538.46,1577061989.591,1577061989.849
1686126,1577062000,49d3fa,44.6387546345339,25.764480218654732,220.00406822925973,127.78097917513035,0.0,FDB1782 ,False,False,False,1421.0,10668.0,10538.46,1577061999.417,1577061999.7410002
1692735,1577062010,49d3fa,44.62820434570313,25.783473423549108,219.59769924286087,127.8632113522063,0.0,FDB1782 ,False,False,False,1421.0,10668.0,10538.46,1577062009.014,1577062009.875
1697793,1577062020,49d3fa,44.61662292480469,25.80439976283482,219.68927309358241,127.67493758541391,0.0,FDB1782 ,False,False,False,1421.0,10668.0,10538.46,1577062017.82,1577062019.605
1702627,1577062030,49d3fa,44.60295596365201,25.829393340320124,219.5681705847419,127.1920823259412,-0.32511999999999996,FDB1782 ,False,False,False,1421.0,10660.38,10530.84,1577062029.1629999,1577062029.894
1710181,1577062040,49d3fa,44.59011840820313,25.853184291294642,219.2575778164241,127.08499106809806,0.32511999999999996,FDB1782 ,False,False,False,1421.0,10660.38,10530.84,1577062039.941,1577062039.941
1714695,1577062050,49d3fa,44.5791212178893,25.873271663014485,218.6538301823648,127.54393454382854,0.32511999999999996,FDB1782 ,False,False,False,1421.0,10668.0,10538.46,1577062049.093,1577062049.893
1721444,1577062060,49d3fa,44.56650556144068,25.896048196932174,218.56061161273198,127.73304559418831,0.0,FDB1782 ,False,False,False,1421.0,10668.0,10538.46,1577062059.635,1577062059.926
1728746,1577062070,49d3fa,44.55441284179688,25.91799054827009,218.56061161273198,127.73304559418831,0.0,FDB1782 ,False,False,False,1421.0,10660.38,10530.84,1577062069.7370002,1577062069.911
1733979,1577062080,49d3fa,44.54241943359375,25.93963623046875,218.15398010208568,127.81573260757315,0.0,FDB1782 ,False,False,False,1421.0,10660.38,10530.84,1577062079.725,1577062079.7810001
1739700,1577062090,49d3fa,44.53052068160752,25.9610283084032,217.43217726676892,127.79175680434456,0.0,FDB1782 ,False,False,False,1421.0,10660.38,10530.84,1577062089.695,1577062089.909
1745455,1577062100,49d3fa,44.51824951171875,25.98325456891741,217.1173100001571,127.68447469560374,0.0,FDB1782 ,False,False,False,1421.0,10668.0,10546.08,1577062099.909,1577062099.9629998
1750708,1577062110,49d3fa,44.50639343261719,26.00490025111607,217.30738119538128,127.30394827798344,0.0,FDB1782 ,False,False,False,1421.0,10668.0,10546.08,1577062109.9829998,1577062109.9829998
1757660,1577062120,49d3fa,44.49531555175781,26.025303431919642,216.99599173373286,127.19590140805609,0.0,FDB1782 ,False,False,False,1421.0,10668.0,10546.08,1577062119.343,1577062119.899
1764302,1577062130,49d3fa,44.48308395127118,26.04751214748476,216.30397361050763,127.85108053212072,0.0,FDB1782 ,False,False,False,1421.0,10668.0,10546.08,1577062129.705,1577062129.901
1768375,1577062140,49d3fa,44.47123718261719,26.06859479631696,215.72385811472822,128.31838493142118,-0.32511999999999996,FDB1782 ,False,False,False,1421.0,10660.38,10538.46,1577062139.481,1577062139.967
1775466,1577062150,49d3fa,44.45906299655721,26.089983684260673,215.64041875849918,128.5103784674856,0.0,FDB1782 ,False,False,False,1421.0,10660.38,10538.46,1577062149.629,1577062149.9429998
1781999,1577062160,49d3fa,44.44775390625,26.10992431640625,215.3204732081021,128.4032617021058,0.32511999999999996,FDB1782 ,False,False,False,1421.0,10668.0,10546.08,1577062159.0029998,1577062159.5229998
1786081,1577062170,49d3fa,44.43470764160156,26.1330086844308,215.08743067905772,128.1033482506719,-0.32511999999999996,FDB1782 ,False,False,False,1421.0,10668.0,10546.08,1577062169.925,1577062169.976
1791859,1577062180,49d3fa,44.4228515625,26.154261997767854,214.8602941819807,127.80279245093851,0.0,FDB1782 ,False,False,False,1421.0,10660.38,10538.46,1577062179.9689999,1577062179.9689999
1799559,1577062190,49d3fa,44.41191101074219,26.174076625279017,214.8602941819807,127.80279245093851,0.0,FDB1782 ,False,False,False,1421.0,10660.38,10538.46,1577062189.2429998,1577062189.9829998
1804136,1577062200,49d3fa,44.40028381347656,26.194872174944194,214.45405086723514,127.88703830682465,0.0,FDB1782 ,False,False,False,1421.0,10660.38,10538.46,1577062199.0229998,1577062199.508
1809810,1577062210,49d3fa,44.38783264160156,26.217041015625,213.96046943930318,128.16496403222592,0.32511999999999996,FDB1782 ,False,False,False,1421.0,10660.38,10538.46,1577062209.529,1577062209.947
1817851,1577062220,49d3fa,44.37629699707031,26.237378801618306,213.4719456001156,128.44416840093385,0.32511999999999996,FDB1782 ,False,False,False,1421.0,10660.38,10546.080000000002,1577062219.2289999,1577062219.9989998
1821298,1577062230,49d3fa,44.36456195378707,26.258195086223324,213.238123976728,128.141699276228,0.0,FDB1782 ,False,False,False,1421.0,10660.38,10553.7,1577062229.125,1577062229.951
1827342,1577062240,49d3fa,44.35236526747881,26.279832793445124,213.238123976728,128.141699276228,0.0,FDB1782 ,False,False,False,1421.0,10660.38,10546.080000000002,1577062239.427,1577062239.611
1835372,1577062250,49d3fa,44.340179443359375,26.301400320870535,212.833758261106,128.22723225652638,0.32511999999999996,FDB1782 ,False,False,False,1421.0,10668.0,10553.7,1577062249.758,1577062249.967
1839895,1577062260,49d3fa,44.328716730667374,26.321768411775924,213.3262248071056,127.94769399215882,0.0,FDB1782 ,False,False,False,1421.0,10668.0,10553.7,1577062259.415,1577062259.88
1845084,1577062270,49d3fa,44.31706237792969,26.34272984095982,214.1385122762325,127.77840425750796,-0.32511999999999996,FDB1782 ,False,False,False,1421.0,10660.38,10553.7,1577062269.359,1577062269.955
1852939,1577062280,49d3fa,44.30534362792969,26.36359078543527,214.36517896983898,128.0799981943045,0.0,FDB1782 ,False,False,False,1421.0,10668.0,10546.080000000002,1577062279.321,1577062279.8879998
1857711,1577062290,49d3fa,44.2926852985964,26.385944645579272,215.00128247998765,128.2958265093654,0.0,FDB1782 ,False,False,False,1421.0,10668.0,10553.7,1577062289.829,1577062289.985
1863958,1577062300,49d3fa,44.28108215332031,26.40642438616071,215.405265129202,128.21102542556122,0.0,FDB1782 ,False,False,False,1421.0,10668.0,10553.7,1577062299.571,1577062299.945
1870314,1577062310,49d3fa,44.26972961425781,26.426631382533483,215.49247995862663,128.0189425931702,0.0,FDB1782 ,False,False,False,1421.0,10668.0,10553.7,1577062309.083,1577062309.985
1875974,1577062320,49d3fa,44.257232666015625,26.448604038783483,215.72385811472822,128.31838493142118,0.0,FDB1782 ,False,False,False,1421.0,10668.0,10553.7,1577062319.4729998,1577062319.891
1880551,1577062330,49d3fa,44.24574279785156,26.46900721958705,216.1277146561819,128.23382517744696,0.0,FDB1782 ,False,False,False,1421.0,10660.38,10553.7,1577062329.071,1577062329.9829998
1888047,1577062340,49d3fa,44.23375016551907,26.49024777296113,216.53204019350787,128.14958103370304,0.32511999999999996,FDB1782 ,False,False,False,1421.0,10668.0,10553.7,1577062339.089,1577062339.699
1893588,1577062350,49d3fa,44.22141382249735,26.51188548018293,217.1691087037493,128.36305141338664,0.0,FDB1782 ,False,False,False,1421.0,10668.0,10561.32,1577062349.2129998,1577062349.823
1899767,1577062360,49d3fa,44.20930480957031,26.532963344029017,217.57271535810284,128.2789704243618,0.0,FDB1782 ,False,False,False,1421.0,10668.0,10561.32,1577062359.201,1577062359.887
1906112,1577062370,49d3fa,44.19744873046875,26.5541512625558,218.29526586018738,128.30131891241226,0.0,FDB1782 ,False,False,False,1421.0,10668.0,10561.32,1577062369.033,1577062369.9989998
1910597,1577062380,49d3fa,44.18531799316406,26.57548061636992,218.38132651467063,128.11174172300537,0.0,FDB1782 ,False,False,False,1421.0,10660.38,10553.7,1577062379.049,1577062379.7610002
1916442,1577062390,49d3fa,44.17206845041049,26.59914289202009,217.8389412383829,127.70884059705686,0.32511999999999996,FDB1782 ,False,False,False,1421.0,10660.38,10553.7,1577062389.975,1577062389.975
1923472,1577062400,49d3fa,44.1602783203125,26.62044791288154,217.5246627640101,127.60163933850845,0.0,FDB1782 ,False,False,False,1421.0,10668.0,10561.32,1577062399.9629998,1577062399.9629998
1928424,1577062410,49d3fa,44.14865267478813,26.64125714983259,217.3420877829591,127.98203397611073,0.0,FDB1782 ,False,False,False,1421.0,10668.0,10561.32,1577062409.7020001,1577062409.881
1935077,1577062420,49d3fa,44.13636288400424,26.66296822684152,217.1691087037493,128.36305141338664,0.32511999999999996,FDB1782 ,False,False,False,1421.0,10668.0,10561.32,1577062419.829,1577062419.941
1940512,1577062430,49d3fa,44.124957585738876,26.68291364397321,216.7659714699749,128.4474453291707,-0.32511999999999996,FDB1782 ,False,False,False,1421.0,10668.0,10561.32,1577062429.27,1577062429.965
1946385,1577062440,49d3fa,44.11276089943061,26.70436314174107,216.85019817870295,128.25647300825062,0.0,FDB1782 ,False,False,False,1421.0,10668.0,10561.32,1577062439.335,1577062439.921
1951973,1577062450,49d3fa,44.10070386983582,26.725616455078125,216.85019817870295,128.25647300825062,0.0,FDB1782 ,False,False,False,1421.0,10660.38,10553.7,1577062449.36,1577062449.835
1958146,1577062460,49d3fa,44.08794855667373,26.747589111328125,216.6841547852952,128.63856399124717,0.32511999999999996,FDB1782 ,False,False,False,1421.0,10668.0,10561.32,1577062459.835,1577062459.955
1964493,1577062470,49d3fa,44.076124288268005,26.76825387137277,217.00574847356563,128.744659402001,0.0,FDB1782 ,False,False,False,1421.0,10668.0,10561.32,1577062469.502,1577062469.607
1970249,1577062480,49d3fa,44.06547546386719,26.78664806277253,217.3280840374418,128.85044045846163,0.0,FDB1782 ,False,False,False,1421.0,10668.0,10561.32,1577062478.161,1577062479.667
1976423,1577062490,49d3fa,44.05155944824219,26.81079243504724,217.891782999255,128.385162447012,0.32511999999999996,FDB1782 ,False,False,False,1421.0,10668.0,10561.32,1577062489.606,1577062489.606
1982088,1577062500,49d3fa,44.03944112486758,26.832079206194194,218.29526586018738,128.30131891241226,-0.32511999999999996,FDB1782 ,False,False,False,1421.0,10668.0,10561.32,1577062499.6139998,1577062499.8679998
1987751,1577062510,49d3fa,44.02715133408368,26.85365949358259,218.29526586018738,128.30131891241226,0.0,FDB1782 ,False,False,False,1421.0,10668.0,10561.32,1577062509.701,1577062509.8370001
1993875,1577062520,49d3fa,44.015047752251064,26.87471662248884,218.53215386977283,128.59661440525178,-0.32511999999999996,FDB1782 ,False,False,False,1421.0,10660.38,10553.7,1577062519.644,1577062519.758
1998803,1577062530,49d3fa,44.00285339355469,26.89593647801599,218.53215386977283,128.59661440525178,0.32511999999999996,FDB1782 ,False,False,False,1421.0,10660.38,10553.7,1577062529.715,1577062529.809
2004244,1577062540,49d3fa,43.99058532714844,26.917142646257272,218.53215386977283,128.59661440525178,0.0,FDB1782 ,False,False,False,1421.0,10660.38,10561.320000000003,1577062539.647,1577062539.814
2011654,1577062550,49d3fa,43.97836458885063,26.93841116768973,218.2115969286443,128.49104355949743,0.0,FDB1782 ,False,False,False,1421.0,10660.38,10561.320000000003,1577062549.6529999,1577062549.7529998
2017487,1577062560,49d3fa,43.96672652939618,26.95894513811384,218.38132651467063,128.11174172300537,0.0,FDB1782 ,False,False,False,1421.0,10668.0,10568.94,1577062559.245,1577062559.863
2023014,1577062570,49d3fa,43.95396423339844,26.981336016987647,218.61448953014198,128.40712729240576,0.0,FDB1782 ,False,False,False,1421.0,10668.0,10568.94,1577062569.766,1577062569.87
2030430,1577062580,49d3fa,43.94256591796875,27.001190185546875,218.93445656939772,128.51262675889583,0.32511999999999996,FDB1782 ,False,False,False,1421.0,10668.0,10568.94,1577062578.984,1577062579.927
2033758,1577062590,49d3fa,43.92919921875,27.0244509674782,219.65734707275882,128.5340679010605,0.0,FDB1782 ,False,False,False,1421.0,10668.0,10568.94,1577062589.918,1577062589.918
2040516,1577062600,49d3fa,43.917334605071495,27.044677734375,219.9782034074556,128.6388821120282,0.0,FDB1782 ,False,False,False,1421.0,10668.0,10561.32,1577062599.711,1577062599.919
2046717,1577062610,49d3fa,43.905137918763245,27.06606183733259,219.9782034074556,128.6388821120282,0.0,FDB1782 ,False,False,False,1421.0,10668.0,10568.94,1577062609.387,1577062609.8
2052479,1577062620,49d3fa,43.89214984441208,27.088426862444194,219.57660774940987,128.72270151040243,0.0,FDB1782 ,False,False,False,1421.0,10668.0,10561.32,1577062619.91,1577062619.9629998
2057953,1577062630,49d3fa,43.88004626257945,27.109287806919642,219.57660774940987,128.72270151040243,-0.32511999999999996,FDB1782 ,False,False,False,1421.0,10660.38,10561.320000000003,1577062629.7670002,1577062629.823
2064373,1577062640,49d3fa,43.86799621582031,27.13016243868096,219.65734707275882,128.5340679010605,0.0,FDB1782 ,False,False,False,1421.0,10660.38,10553.7,1577062639.651,1577062639.651
2069874,1577062650,49d3fa,43.85523391982256,27.15244838169643,219.7404655175355,128.3455749539934,0.32511999999999996,FDB1782 ,False,False,False,1421.0,10668.0,10568.94,1577062649.94,1577062649.94
2075178,1577062660,49d3fa,43.84364241260593,27.17278616768973,219.82596038502945,128.15722658736905,0.0,FDB1782 ,False,False,False,1421.0,10668.0,10561.32,1577062659.3839998,1577062659.772
2082625,1577062670,49d3fa,43.8312595173464,27.194431849888392,219.65734707275882,128.5340679010605,-0.32511999999999996,FDB1782 ,False,False,False,1421.0,10668.0,10561.32,1577062669.546,1577062669.971
2087782,1577062680,49d3fa,43.81841109970868,27.21646990094866,219.49825017286705,128.9114718458048,0.0,FDB1782 ,False,False,False,1421.0,10660.38,10553.7,1577062679.996,1577062679.996
2093495,1577062690,49d3fa,43.80665588378906,27.23657652389172,219.09819062656211,128.99597325336578,0.0,FDB1782 ,False,False,False,1421.0,10668.0,10561.32,1577062689.476,1577062689.853
2100123,1577062700,49d3fa,43.79415738380561,27.25786481584821,219.09819062656211,128.99597325336578,0.0,FDB1782 ,False,False,False,1421.0,10660.38,10561.320000000003,1577062699.6320002,1577062699.998
2104043,1577062710,49d3fa,43.78216552734375,27.27815849836483,218.77483397147304,128.89126258620004,0.32511999999999996,FDB1782 ,False,False,False,1421.0,10668.0,10568.94,1577062709.2570002,1577062709.951
2110470,1577062720,49d3fa,43.77004332461599,27.29899815150669,218.77483397147304,128.89126258620004,0.0,FDB1782 ,False,False,False,1421.0,10660.38,10561.320000000003,1577062719.07,1577062719.958
2118007,1577062730,49d3fa,43.75762939453125,27.32031533884448,218.45221016944672,128.7862422809665,0.6502399999999999,FDB1782 ,False,False,False,1421.0,10668.0,10561.320000000003,1577062729.154,1577062729.9529998
2123242,1577062740,49d3fa,43.74577331542969,27.34088276707849,218.61448953014198,128.40712729240576,0.32511999999999996,FDB1782 ,False,False,False,1421.0,10668.0,10568.94,1577062738.8179998,1577062739.9229999
2129142,1577062750,49d3fa,43.73270842988613,27.363608224051337,219.017849355157,128.32351993959787,-0.32511999999999996,FDB1782 ,False,False,False,1421.0,10668.0,10568.94,1577062749.542,1577062749.855
2134764,1577062760,49d3fa,43.72073364257813,27.384444835574133,219.017849355157,128.32351993959787,-0.32511999999999996,FDB1782 ,False,False,False,1421.0,10668.0,10568.94,1577062759.3920002,1577062759.9029999
2139833,1577062770,49d3fa,43.708873684123404,27.40513392857143,219.017849355157,128.32351993959787,-0.32511999999999996,FDB1782 ,False,False,False,1421.0,10668.0,10568.94,1577062769.004,1577062769.996
2146290,1577062780,49d3fa,43.69908142089844,27.42213049600291,219.33722797776764,128.42894738819496,0.0,FDB1782 ,False,False,False,1421.0,10660.38,10561.320000000003,1577062776.966,1577062779.8820002
2154227,1577062790,49d3fa,43.68657516220868,27.44378226143973,218.77483397147304,128.89126258620004,0.0,FDB1782 ,False,False,False,1421.0,10660.38,10561.320000000003,1577062788.0970001,1577062789.764
